epoch,conf_loss,iou_loss,loss,mean_iou,total_loss,val_conf_loss,val_iou_loss,val_loss,val_mean_iou,val_total_loss,val_wh_loss,val_xy_loss,wh_loss,xy_loss
585,0.0023598810532948354,0.0,0.002454336292418727,0.5802809273874437,0.002454336294344299,0.0020947482707024128,0.0,0.002166146144058411,0.5919371076000547,0.0021661461380681076,0.0010622470932944849,0.0037678403944880205,0.002410054385435541,0.003860337485282405
585,0.00204456432774576,0.0,0.0020747639290427133,0.5736975214375386,0.0020747639359711633,0.0021296334247658615,0.0,0.0021540880594617955,0.5817843885511879,0.0021540880756169183,0.0006233072028939145,0.002576896086871602,0.0013578980810964732,0.0025587760207565692
586,0.001949222904336591,0.0,0.0019723693245720045,0.587169587773965,0.0019723693215206867,0.002117211504787938,0.0,0.002140564141706478,0.5843670317878021,0.0021405641283365707,0.0005519489941981399,0.00259418139519867,0.0005564518704909359,0.0024778657384650375
587,0.0022549196189184414,0.0,0.0023006240611801857,0.5802794520287716,0.002300624062154767,0.001978693146376431,0.0,0.00202049836931946,0.5988603072527859,0.00202049838688138,0.00041801534437410496,0.0023415384226089255,0.0004791075570869496,0.002576067377937655
588,0.0018255823621922606,0.0,0.0018673608793323502,0.5963759994783693,0.0018673608783577689,0.001926467363613892,0.0,0.0019676490223591962,0.6020712880750158,0.0019676490306847418,0.0003970358310686311,0.002320803544361117,0.00039564227751059564,0.002385429121185003
589,0.001760124166273139,0.0,0.001800964600051022,0.5995811161626651,0.0018009646001311893,0.0019120576297198275,0.0,0.0019530809504488906,0.6028673282753867,0.0019530809537933406,0.0003876270382769843,0.0023193262599996113,0.0003777171067014873,0.0023547151122069176
590,0.0017256497459739455,0.0,0.0017662885772628202,0.6008108688469613,0.0017662885816704433,0.0019002611820744283,0.0,0.0019411636021900193,0.6028350177195952,0.0019411636070430296,0.0003831756040072501,0.0023158931526330397,0.00036852249789429977,0.0023412983523253697
591,0.0017050823105488207,0.0,0.001745404857989537,0.6016376231172553,0.0017454048631092333,0.001900407929757034,0.0,0.0019413584839008422,0.6029434704255942,0.001941358483331574,0.00038140155219878265,0.002321100925621383,0.0003624573931856397,0.002329201108250136
592,0.001687128388547295,0.0,0.001727225234987435,0.6019869815875091,0.0017272252340175694,0.0018953954688106006,0.0,0.0019360492031276681,0.6041463525487625,0.0019360492007225105,0.00037553536931672166,0.0023071407423580115,0.00035834344037094957,0.0023212155224303956
593,0.0016778625176562516,0.0,0.0017179409128188349,0.6024451588187191,0.0017179409145416434,0.0018950901849851159,0.0,0.0019358114575372877,0.603540968924105,0.0019358114664605648,0.00037421623111388267,0.002312921104078297,0.00035545275127980483,0.0023148147160108896
594,0.0016671839311330743,0.0,0.0017070558423562718,0.6034313470133247,0.0017070558455283772,0.0018909292945892761,0.0,0.0019315795492196414,0.6040354299370408,0.0019315795359841586,0.0003719833556677654,0.0023095840722559277,0.00035263622715835823,0.0023093241085382615
595,0.0016585032744578679,0.0,0.0016983417424600562,0.6030680828599263,0.0016983417434770793,0.0018887250912193582,0.0,0.0019294243727037614,0.6038386739262159,0.0019294243656448372,0.00037185411698476375,0.002313537152101511,0.00034982304146240206,0.002307587726617118
596,0.0016499731852360185,0.0,0.0016896469434783306,0.6037363130016775,0.0016896469452868078,0.001889762400402141,0.0,0.0019304340704421634,0.6036951865427068,0.0019304340746689789,0.00036999984031820936,0.0023136943341335306,0.0003480317818112581,0.0023000484735667486
597,0.0016451445028691745,0.0,0.001684737808878156,0.6039933030553164,0.00168473781017655,0.001888844878436977,0.0,0.0019295211446762979,0.6036629550614392,0.0019295211427407862,0.0003689748694588519,0.0023144331986703942,0.0003457743870879114,0.0022981526908574636
598,0.0016383711650195226,0.0,0.0016779134795534979,0.6044453281342839,0.0016779134786826621,0.0018856484361330485,0.0,0.0019262807530551365,0.6037486056535343,0.0019262807608256458,0.0003683244142326137,0.00231211971546225,0.00034447104043923085,0.0022935228986472453
599,0.0016348952411080035,0.0,0.0016744577441564913,0.6044386885116592,0.0016744577432219936,0.0018850212889976235,0.0,0.001925661124748435,0.6037865020826568,0.0019256611413283678,0.00036764695450850285,0.0023135847404649286,0.0003430955128736951,0.00229412144417325
600,0.0016307249077823509,0.0,0.001670168445225153,0.6044587928509023,0.0016701684460173935,0.0018860047164018447,0.0,0.0019266512954390145,0.6040458177004583,0.0019266513139117637,0.0003667326988897134,0.002314678198443885,0.0003419007945957571,0.0022912678264142847
601,0.0016260687955045887,0.0,0.0016654100450917237,0.6050012274655078,0.00166541004691985,0.001883806301904774,0.0,0.0019244398620869956,0.6038186165406243,0.001924439855141925,0.0003660861654224188,0.002314540829901153,0.0003409051151161869,0.002286435710058741
602,0.001620666126264063,0.0,0.001660055952094965,0.6046771149328841,0.0016600559515196477,0.0018834271239305215,0.0,0.0019240621110614535,0.603822553915616,0.0019240621089836251,0.00036544904067559045,0.0023152740598795137,0.00034081353667926275,0.002289413466867006
603,0.0016170711176836615,0.0,0.0016563508188784074,0.6051067541812903,0.001656350818516869,0.0018822720177553611,0.0,0.0019228487958662522,0.6041492863214395,0.0019228487805244775,0.00036420360320557393,0.0023123992836412526,0.0003389500742957694,0.002285834603681743
604,0.001615101372382011,0.0,0.0016544610374355515,0.6048863293591493,0.001654461034181707,0.0018810074146729404,0.0,0.001921604745289821,0.6041174305971794,0.0019216047716184694,0.00036451340626531296,0.002313865024669319,0.00033742534928055254,0.002284929231956074
605,0.0016119888010901033,0.0,0.0016512419462876504,0.6051398648753412,0.0016512419484505923,0.0018807824871210782,0.0,0.0019213800905881482,0.6040944073485862,0.0019213800877987345,0.00036366001362992057,0.002314555276331007,0.0003373925795959024,0.002283247531570689
606,0.0016092417910873015,0.0,0.0016485702269094414,0.6050958589576496,0.001648570225001148,0.001880673114968917,0.0,0.0019212688765975858,0.6039580140836665,0.0019212688781061462,0.0003630717300632308,0.00231511570703384,0.0003368305930088252,0.002280831815060726
607,0.0016050863907224912,0.0,0.0016441600856351355,0.6055805105310564,0.00164416008309808,0.0018794318757798126,0.0,0.0019200358350822716,0.603935232896968,0.001920035839266392,0.00036301927146909434,0.002315523587383585,0.0003356915311168556,0.002275545976876452
608,0.0016042837635932132,0.0,0.0016434679930415251,0.6059953876195842,0.0016434679943194842,0.001878527318389886,0.0,0.0019190941556142802,0.6040661963973477,0.0019190941419803098,0.0003623232025707774,0.0023136408566918525,0.00033505813999670173,0.002277389259834387
609,0.0016020878680301752,0.0,0.001641192677246707,0.6059701605098106,0.001641192677862894,0.0018790077120077074,0.0,0.001919557673536118,0.6042082134843747,0.0019195576747600444,0.0003618859850333589,0.002313137743827001,0.00033438106047845555,0.0022772646805069297
610,0.0015979963445826855,0.0,0.001637184735426044,0.6053666124303954,0.0016371847386075808,0.001880504671561937,0.0,0.0019210731700742458,0.6040556773871256,0.0019210731572941774,0.0003612304831175293,0.002314727247264555,0.0003340839637965956,0.002272198221133431
611,0.001598080055401282,0.0,0.001637171474202427,0.6061183525683459,0.0016371714765791483,0.0018797193404684449,0.0,0.001920302250180029,0.6040003449817741,0.0019203022504504315,0.0003615026801288319,0.0023155129235693252,0.0003340439807385701,0.002274441783195208
612,0.0015968484007003476,0.0,0.0016358335996110483,0.6059369816865079,0.0016358336046562753,0.0018771473964813454,0.0,0.0019177029243912912,0.6040476655318859,0.0019177029425794063,0.0003610245381085735,0.0023141822680912932,0.0003330362481697315,0.0022708800159489183
613,0.0015920883294470586,0.0,0.0016310966051877292,0.6062983028395511,0.0016310966059611067,0.0018803114283825373,0.0,0.0019208586731217438,0.6041884234307157,0.0019208586656785636,0.0003600353908481436,0.0023144018802163362,0.0003327464178438939,0.002272951515588146
614,0.001591155569286262,0.0,0.0016301868953911224,0.6061654113705919,0.0016301868975226264,0.0018778299015857311,0.0,0.001918370120197735,0.6043552296377336,0.0019183701233144777,0.000360347061320652,0.0023140881853838495,0.00033186440536027504,0.0022700022700208244
615,0.002002485761504359,0.0,0.0020446281112240883,0.5903366060917241,0.0020446281150559406,0.0016956125784631858,0.0,0.0017351194975711677,0.6108371796714552,0.0017351194979105709,0.0003254508722502923,0.002225544317684293,0.00037164274579684295,0.0024487718823453957
616,0.001648326156615335,0.0,0.0016871133057432598,0.6061848292298194,0.0016871133050102372,0.0016543769585471004,0.0,0.0016933354673048697,0.612699965462161,0.0016933354734989794,0.00031383974238425997,0.0021997941680527693,0.00032314963057096,0.0022737732899169184
617,0.0015895686921733399,0.0,0.0016278372345653169,0.608745055077669,0.0016278372362264154,0.001639113118739679,0.0,0.0016781389793047122,0.6131529392144192,0.0016781389751753058,0.00031272942681180945,0.002203386915943597,0.0003132983721157227,0.002241342998138047
618,0.0015581123745020584,0.0,0.001596128658196155,0.6101231516380463,0.0015961286588914252,0.0016312158321604255,0.0,0.001670034738526561,0.6140063896818689,0.0016700347353305136,0.0003090390937208932,0.0021944632741285035,0.0003088294757197018,0.0022259378660058095
619,0.0015363734195354005,0.0,0.0015742179944883956,0.6108683566701256,0.001574217995037376,0.0016265407123623743,0.0,0.0016653059623240375,0.6141570870220603,0.0016653059628897095,0.0003070934979739238,0.0021925816209253696,0.0003050677175839359,0.0022173767763230944
620,0.0015192372882542272,0.0,0.0015567232219442,0.6118844329647187,0.0015567232232167653,0.0016193681197314259,0.0,0.0016582042858569338,0.6144904147315883,0.0016582042965481367,0.0003081247373218209,0.0021968496775804894,0.0003028171236962094,0.002206385124954167
621,0.0015072472331188497,0.0,0.0015445713613066985,0.6132028398546266,0.0015445713575424856,0.0016149649989589383,0.0,0.0016537506520067973,0.6141274863359879,0.0016537506531098581,0.000306903858036907,0.0021944689781398696,0.00030101632061124733,0.0021991557669549505
622,0.0014983990224620017,0.0,0.001535755850996931,0.6130015962820493,0.0015357558532589194,0.0016125245018662167,0.0,0.001651348884984945,0.6140904009515968,0.0016513488980236873,0.00030655796790712283,0.0021967638641020213,0.0002995319079412974,0.0021976962037731427
623,0.0014907934097525342,0.0,0.0015279874536597783,0.6137013745725431,0.0015279874508802697,0.0016111064495179853,0.0,0.0016499093721113443,0.6144473427586236,0.0016499093761276164,0.00030579263448999856,0.002196668491669839,0.00029860631390719877,0.002191935211871878
624,0.0014839753348520337,0.0,0.0015210998955678494,0.6141888110357521,0.0015210999012369773,0.001609726995863274,0.0,0.0016484706922465042,0.6145359372142685,0.001648470687381724,0.0003042840318664034,0.00219411704806019,0.0002971017504840406,0.0021871886890333855
625,0.0014792499689205544,0.0,0.0015162668723385554,0.6144508957063916,0.001516266871671599,0.0016049784887910154,0.0,0.0016437673407147001,0.6145554575326955,0.0016437673352842478,0.0003057335977234621,0.0021952054796168406,0.00029621276387929664,0.002185125495482318
626,0.0014733106170949659,0.0,0.0015102026126912105,0.6148120768713753,0.0015102026144577006,0.001606631097337412,0.0,0.0016453751679975993,0.6146544501894996,0.001645375165282373,0.000304377547776837,0.002193416605691767,0.00029599600921978154,0.002181863306806421
627,0.001469309847830389,0.0,0.0015062548363314115,0.6142327586466165,0.0015062548381655412,0.0016054832765722124,0.0,0.0016442365381315503,0.6145868453154643,0.0016442365325031127,0.00030382589209497615,0.002194879911781132,0.00029496890284816835,0.0021786112438347952
628,0.0014655591065153345,0.0,0.0015025085132820404,0.6144058645680046,0.0015025085109067954,0.001604363115759389,0.0,0.001643023866140967,0.6151072899616379,0.0016430238680925358,0.00030292039109492156,0.002189203628870153,0.00029467789575369184,0.0021754437914964222
629,0.001461160920867273,0.0,0.0014978806628710881,0.6157332636410321,0.0014978806666478852,0.001601733028735066,0.0,0.0016404621504913324,0.6147311501299095,0.0016404621523580503,0.000304190179437627,0.0021927441203101485,0.0002936072725205898,0.002173475444456497
630,0.0014585800382727007,0.0,0.0014954806903598832,0.6148904209432827,0.0014954806875111621,0.0016018479457611545,0.0,0.001640585657870768,0.6148656328055787,0.0016405856599354712,0.00030345552435687373,0.0021936687298274742,0.00029400391008009704,0.002172221493195618
631,0.0014553027494561407,0.0,0.0014921073465877209,0.6156945393712002,0.001492107345190888,0.001601467296394924,0.0,0.0016402169112641042,0.6148335540375742,0.0016402169116600748,0.00030339130391246856,0.0021945198821818022,0.00029231227820178857,0.0021703930537647948
632,0.001452446305561752,0.0,0.001489192194218291,0.6157616192154621,0.0014891921939603175,0.001600989215889406,0.0,0.0016396822359702986,0.6151984060007583,0.001639682228390292,0.00030305279996151066,0.00219155579467781,0.0002928490805119109,0.0021681746466261694
633,0.0014505639399247298,0.0,0.0014873311542738248,0.6153516249390708,0.0014873311566160365,0.0016006392742744968,0.0,0.0016394105249001266,0.6147632266388459,0.001639410527445651,0.0003032593249142635,0.0021965377400669952,0.0002917801331384623,0.0021628084590356728
634,0.001447931329050677,0.0,0.001484704363561041,0.6151881555830024,0.0014847043649484357,0.0016015972235023728,0.0,0.0016403395140772564,0.6146968210403843,0.0016403395198188284,0.0003025215983611873,0.0021946090444392072,0.00029179912553971293,0.002161997550487484
635,0.001444308739217193,0.0,0.0014810041490879798,0.6158544636522676,0.0014810041492248317,0.0016011384964925784,0.0,0.0016399217118188718,0.6147479184978326,0.0016399217165422339,0.0003030282303607643,0.0021972332644820272,0.00029104021074396417,0.0021656994857028916
636,0.001442873668171055,0.0,0.0014795084042214036,0.6159821017125325,0.0014795084048631916,0.0016004515050858823,0.0,0.0016391951623246023,0.6148746980985933,0.001639195166793412,0.0003025127757004434,0.0021953676376750635,0.00029107747795662045,0.0021616238554797275
637,0.0014411201900780908,0.0,0.001477705719821237,0.6165938778911174,0.0014777057190048448,0.0015996909206276045,0.0,0.0016384654931768873,0.614609848943234,0.0016384654831079236,0.0003029009383944505,0.002196923335217685,0.00029017381637850523,0.002159576656658969
638,0.0014396168658627486,0.0,0.0014761986510588084,0.6163840160126584,0.0014761986466512345,0.0015991833875971947,0.0,0.001637933446674547,0.6147698156455979,0.001637933433607521,0.0003025798725592836,0.0021954213646471327,0.00028962573612801657,0.0021586547226132326
639,0.001437701602743531,0.0,0.0014741741792842888,0.6170484144975528,0.001474174176498488,0.00159841679329692,0.0,0.0016371986032391204,0.6146780155142959,0.0016371985919539616,0.0003032358119607495,0.0021966729651180803,0.00028932804222321477,0.0021562555558905416
640,0.0014364579175269406,0.0,0.0014730888777351693,0.6159214384490613,0.0014730888801261445,0.001597808070716822,0.0,0.0016365620962446384,0.614666557230917,0.0016365620927374712,0.00030254332923540343,0.002195487782360028,0.00028952226158955184,0.0021580008920217696
641,0.0014365290723749398,0.0,0.0014730143142516435,0.6166212110825583,0.0014730143111929257,0.0015995626463999417,0.0,0.0016383227633820997,0.6148394548394821,0.0016383227625901588,0.0003020342912908917,0.0021965478169501,0.00028957850026197705,0.0021547201156155936
642,0.0014344869018716692,0.0,0.0014710142938757682,0.6169228487988444,0.0014710142931144313,0.0015974679778635943,0.0,0.0016362371217989815,0.6147133093417791,0.0016362371266920453,0.00030243158575717137,0.0021968188398518575,0.00028916115325387266,0.0021573948182898317
643,0.0014311935760973479,0.0,0.0014677901003071606,0.6162239278429792,0.0014677901007004131,0.0015984791150911457,0.0,0.0016372542063759024,0.6146570625411757,0.0016372542119760562,0.00030240295679431566,0.002196893750452794,0.0002885092704891946,0.002150559365582142
644,0.0014307340895804521,0.0,0.0014672548108267925,0.6162602731040099,0.00146725480899109,0.0015973031631404122,0.0,0.0016360794679049957,0.6148309153301028,0.0016360794628987973,0.0003024260249315599,0.0021972038283757686,0.0002880422349024017,0.0021509622688556324
645,0.0014295725763652637,0.0,0.0014660740235865135,0.6167454487078255,0.0014660740202753276,0.0015971985738023036,0.0,0.0016359723415981483,0.6147795183433852,0.0016359723459821072,0.0003026293509519198,0.0021971260559264538,0.0002876247061141192,0.002152851591712832
646,0.0014279604201455649,0.0,0.001464324138673819,0.617445872636914,0.001464324142283877,0.001596742780056992,0.0,0.0016354903058000488,0.6149501356832952,0.0016354903049515407,0.00030203932889807787,0.0021955841642906718,0.0002881026920131889,0.0021504832059009065
647,0.0014264076348669771,0.0,0.001462794760968055,0.6172609029557431,0.0014627947625143237,0.001595668935374107,0.0,0.0016344691801463698,0.6146837549376418,0.0016344691746593503,0.00030269793067779123,0.0021984705171322464,0.00028785712502084056,0.0021487657691149414
648,0.0014264544297522559,0.0,0.0014629017102588012,0.6171095620270175,0.0014629017067163829,0.0015968847234119762,0.0,0.0016356400424622241,0.6150438561383906,0.0016356400348822178,0.0003019677175939096,0.0021964252317293507,0.00028743022832898536,0.0021490848297489834
649,0.0014248910169029252,0.0,0.0014612554202607323,0.6173231706801214,0.0014612554208427461,0.0015959608897281017,0.0,0.0016347305842463029,0.6148548929058776,0.001634730576270326,0.0003020608593688045,0.002197140514618917,0.0002871743116593409,0.002147328858786785
650,0.0014226102765945207,0.0,0.0014590610275354353,0.6169556730206677,0.0014590610257579342,0.0015971089950546603,0.0,0.0016358570223226165,0.6149965384495386,0.001635857023227692,0.0003014159467412056,0.0021960806045898456,0.0002866440874598359,0.002147073306630741
651,0.0014230911928727389,0.0,0.001459437846073807,0.6174034574343416,0.0014594378481690563,0.0015970158815492295,0.0,0.0016357854443223943,0.6148994625831137,0.0016357854395424648,0.0003016930153909971,0.0021971868324175883,0.0002863799549386713,0.002147034409466727
652,0.001421392424519936,0.0,0.0014578282140868014,0.6171966917630003,0.001457828211176733,0.0015969134887300958,0.0,0.0016357170528663455,0.6147958660033053,0.001635717073569945,0.0003020973028515559,0.002199377679285042,0.0002868461148575553,0.002145736986445701
653,0.0014205135487187334,0.0,0.0014569133026559858,0.6171916936322968,0.0014569132994580567,0.0015960413998466227,0.0,0.001634815373264282,0.614921284023133,0.001634815373631969,0.00030169239240215206,0.0021976075928017455,0.00028674768400331336,0.002145338747624965
654,0.0014204425358907257,0.0,0.0014567789440786485,0.6174683195747513,0.0014567789394178202,0.0015943117389090918,0.0,0.0016330923331087767,0.6148839314315248,0.0016330923242277246,0.0003021664807474081,0.002197639695146964,0.00028611827651125847,0.0021436615254617837
655,0.0014174594674025108,0.0,0.0014538330260330545,0.6173176815568815,0.0014538330242461152,0.001596599446690055,0.0,0.001635377719060249,0.6149913215081129,0.0016353777253392096,0.0003013396963882835,0.00219849521856288,0.00028616021496420755,0.0021416375454133265
656,0.001418683274848403,0.0,0.0014549276758482903,0.6180923315283157,0.0014549276798421626,0.0015975695721233993,0.0,0.0016363536567887448,0.6148585498159203,0.0016363536573261333,0.0003012267411555244,0.002198668915087826,0.00028632125333532426,0.002141456602152033
657,0.0014165458004113424,0.0,0.0014528149757283716,0.617723602801964,0.0014528149738297486,0.0015959226696389303,0.0,0.0016346523268179981,0.6151082670955084,0.0016346523161550786,0.0003011920131583208,0.0021953731196035567,0.0002857098875589792,0.0021417723165785946
658,0.0014164409882591311,0.0,0.00145274421164279,0.6174794503926277,0.0014527442078140838,0.001596425276372285,0.0,0.0016352096836121555,0.6149420195464605,0.001635209679709018,0.0003014065213426785,0.002198396262824101,0.0002855771202416732,0.0021424422536218267
659,0.001415034848695826,0.0,0.0014513775290132536,0.6170980649089287,0.0014513775301127874,0.001594399366314198,0.0,0.001633196221819542,0.6147785421942367,0.001633196217011329,0.00030224254957614765,0.0021984034149560884,0.0002852184206593065,0.002140674883484238
660,0.0014152438742796212,0.0,0.0014515386951930033,0.6175834792534759,0.0014515386948972774,0.0015952288007340598,0.0,0.0016339717331770953,0.615089113325373,0.001633971736486277,0.0003009573205341825,0.0021960998130048127,0.00028569497763611986,0.002138304544220444
661,0.0014147249608995368,0.0,0.0014509068891572572,0.6185152555604765,0.0014509068884415376,0.0015951463642191418,0.0,0.0016338994595698696,0.6151140877873835,0.001633899456967778,0.0003010611317620094,0.002196853955306178,0.00028503183936141115,0.002141480678132972
662,0.0014122735225282057,0.0,0.00144842480655321,0.6184061629400294,0.001448424807819483,0.0015960409483271383,0.0,0.0016347808324762658,0.6150824155937247,0.0016347808316843249,0.00030087446291879837,0.0021962291070968783,0.0002850951669943849,0.002137899661464916
663,0.0014129322168834047,0.0,0.001449172550908487,0.6174967802159786,0.001449172554761575,0.0015963801171691035,0.0,0.0016351414378166771,0.6150845837778438,0.0016351414316225674,0.0003007723748130928,0.002197676627200723,0.0002850618767418246,0.0021380191861933018
664,0.0014115129092863467,0.0,0.0014477236144244017,0.6178950414813772,0.0014477236148176542,0.0015963225116661594,0.0,0.0016350683265621796,0.6150542411326899,0.001635068322234788,0.00030071837685579587,0.002196742802432062,0.00028516877039914083,0.002136726507244503
665,0.0014099587404023469,0.0,0.0014461005917700365,0.6180042860740173,0.0014461005928491214,0.0015945734958894336,0.0,0.0016333637260449497,0.6148554185157383,0.0016333637334552545,0.0003015723457340236,0.0021987286738216864,0.00028431683591524296,0.0021358855709741817
666,0.0014100553361273164,0.0,0.0014461982636383166,0.6180876804782099,0.0014461982656454773,0.0015947702297932026,0.0,0.0016335431733340625,0.614943981286504,0.0016335431871930294,0.00030154205615581553,0.0021974365100213863,0.0002845592691296023,0.002136561080946346
667,0.0014104099998568805,0.0,0.0014465068783064028,0.6186645128651962,0.0014465068764675543,0.0015949122363196205,0.0,0.001633680430335962,0.6150434143457515,0.0016336804348047718,0.0003012573109535578,0.0021976925216821556,0.0002843729092249951,0.002136213376121653
668,0.0014096564604514723,0.0,0.0014458311943672008,0.6183344314786734,0.001445831193618448,0.0015944499877039154,0.0,0.0016332182080805776,0.6149468064539866,0.0016332182097493102,0.0003013708797142958,0.0021973210368830386,0.00028400624256263497,0.002135267075635541
669,0.0014075429036404371,0.0,0.0014437958280931577,0.6180894133812955,0.0014437958304219988,0.0015943340078364845,0.0,0.0016330949923334022,0.6150013123239789,0.0016330949916545958,0.00030130666716101664,0.0021971193600655962,0.00028393192928364793,0.002134031102856158
670,0.0014074801081276353,0.0,0.0014435940324210423,0.6181634621431525,0.0014435940352886395,0.0015943928502097978,0.0,0.0016331538647156212,0.614970649875867,0.0016331538580689738,0.00030116896125586634,0.002197076440711874,0.0002841729185967635,0.0021350026989942405
671,0.0014064883281276305,0.0,0.0014425974998844436,0.6186510810670615,0.0014425974996673684,0.001593233168276074,0.0,0.0016320020830859698,0.6149906936609363,0.0016320020998298644,0.00030173153132668617,0.002197058990971521,0.0002841638277993461,0.0021341970286573382
672,0.0014064723897095057,0.0,0.0014426427952114532,0.6177742799389441,0.0014426427964761533,0.0015921531715836473,0.0,0.0016309593126109456,0.614766606899925,0.0016309593169100535,0.0003022809473287895,0.0021988572455504574,0.0002840925479300875,0.0021340044544219047
673,0.001406162896746584,0.0,0.0014422409467260897,0.6181321667215138,0.0014422409426048035,0.001594441688530291,0.0,0.0016332120443191976,0.6150044486636207,0.001633212037615983,0.00030094711604958946,0.002197616769700511,0.0002838955158017035,0.002133396904778757
674,0.0014062303779697972,0.0,0.0014423557523113102,0.6182034244577043,0.001442355752422994,0.0015945465056221358,0.0,0.0016333181252639716,0.6149389171507662,0.0016333181254902403,0.00030111716677531133,0.0021979203585723544,0.00028369056996083527,0.0021324239741399146
675,0.0014051675912946132,0.0,0.0014411920664201459,0.618755254162001,0.0014411920698839138,0.0015945805891490958,0.0,0.0016333532910913942,0.6150529145962759,0.0016333532830588502,0.0003009351930813864,0.0021980787761802663,0.00028311601859836176,0.0021316845244585074
676,0.0014047237771243521,0.0,0.001440904571320535,0.6184424456680495,0.0014409045726450093,0.0015942186133124194,0.0,0.0016329895266984744,0.6149193931830752,0.0016329895352401233,0.00030098622128834897,0.002197672695213833,0.0002837287321925691,0.0021309208566652727
677,0.0014039581080707566,0.0,0.0014400955487389407,0.6185600495688942,0.0014400955488175912,0.001593739127917772,0.0,0.0016325189530296456,0.6150159285529594,0.0016325189467789687,0.0003010036990011882,0.0021982308607494173,0.00028340055849829997,0.002131582564349548
678,0.0014029553629957765,0.0,0.0014389158098531783,0.6190241543476858,0.0014389158135308755,0.001594181442714728,0.0,0.0016329553621107,0.6149812961690512,0.0016329553552943512,0.0003008393125625081,0.0021981754124370937,0.0002830297878309071,0.0021292546880997756
679,0.0014030909569994138,0.0,0.001439204359069241,0.6187178153190699,0.0014392043545782974,0.001595893242031895,0.0,0.0016346454602938626,0.615169138324504,0.001634645450649153,0.0003001619923530161,0.0021972126535396114,0.0002827100021776943,0.002131291131823514
680,0.001402137156010874,0.0,0.0014381672950521684,0.6184989715341542,0.0014381672906996499,0.0015943072447431091,0.0,0.0016330598065094702,0.6150356378800899,0.0016330598139763421,0.00030063646313504915,0.002196735402988225,0.00028307773279882977,0.0021295329364112896
681,0.001401415785414388,0.0,0.0014374221672955503,0.6185608034829245,0.0014374221657713036,0.0015937483954796363,0.0,0.0016325358888568797,0.6148071918126098,0.0016325358938630778,0.0003010478113432649,0.0021984949990820984,0.0002827944229832497,0.0021284050426080762
682,0.0014016773448317992,0.0,0.001437699302930597,0.6189809435638862,0.0014376992998600816,0.001594786715698976,0.0,0.0016335806682598627,0.6148082412945866,0.0016335806618112006,0.00030083612022019536,0.002199270736821633,0.0002823992999193141,0.0021292118647941124
683,0.0014000681022268949,0.0,0.0014361165439659156,0.6182443151898209,0.0014361165428396405,0.0015930701427172328,0.0,0.0016318636088708074,0.6148835081169047,0.001631863597415947,0.0003012574707842147,0.0021990683083390806,0.0002827288796139384,0.0021289769974265882
684,0.001401423419575473,0.0,0.0014374726221644725,0.6183907198217827,0.001437472622106271,0.001593591585709868,0.0,0.001632362363758869,0.6149998785107893,0.0016323623751571621,0.00030070682956458795,0.002198146222285072,0.0002828506183743056,0.002129618535209405
685,0.0014002971039487806,0.0,0.0014363732598693414,0.6182841548158368,0.0014363732646135395,0.0015946894536673683,0.0,0.0016334910286883249,0.6148949807656402,0.0016334910242195152,0.0003009774561988849,0.00219985515723662,0.00028227218852923874,0.0021282749481398725
686,0.0013993966283340465,0.0,0.0014354799190031168,0.6185224243865478,0.001435479925207068,0.0015944092685036112,0.0,0.0016331616490427676,0.6151091725763704,0.0016331616432446285,0.0003003707564198543,0.0021970489625099494,0.00028329237665356986,0.0021269409323452257
687,0.0013991867685067736,0.0,0.0014351677342693558,0.6185196093411951,0.0014351677368192048,0.0015960825981146433,0.0,0.0016348370688264162,0.6151519366209662,0.0016348370853440423,0.00029963301489060876,0.002197904616369856,0.00028221333823555135,0.002124925212738402
688,0.0013989509973081698,0.0,0.001434989681859043,0.6188726908463992,0.0014349896808082724,0.001594054684177221,0.0,0.0016328033002815684,0.6150642736544298,0.0016328032899580523,0.0003003861424186203,0.0021968834618951824,0.0002824561209530633,0.0021260081784699627
689,0.0013981284931423859,0.0,0.0014341329263481241,0.6185979805576673,0.0014341329235245711,0.0015944695427910396,0.0,0.0016332262911108858,0.6151644274143482,0.0016332262793731893,0.000300334030822276,0.0021974432130097126,0.0002821385064028168,0.002125963076373071
690,0.00139663208514357,0.0,0.0014326890494891443,0.618935634536803,0.0014326890544315418,0.001593033669847815,0.0,0.0016317920664230775,0.6151194115421862,0.0016317920686574824,0.0003007903421434336,0.00219705302392262,0.00028178483930405533,0.0021244704905902813
691,0.0013975084256046626,0.0,0.001433431896563776,0.6196111177395593,0.0014334319003106856,0.0015937470577075032,0.0,0.0016325277878664818,0.6149528805669705,0.001632527776213636,0.00030071915779443796,0.0021986383813513903,0.00028200292342440644,0.0021264131568833732
692,0.0013965266543839523,0.0,0.001432504855400617,0.6193150265540784,0.0014325048564781287,0.00159407771940649,0.0,0.001632857319366719,0.615001966469026,0.0016328573226193337,0.00030052391191945837,0.002198762824239374,0.0002822056642859657,0.002124347371880177
693,0.0013956551962689555,0.0,0.0014316815697972998,0.6186037468254315,0.0014316815693206778,0.0015929159001513784,0.0,0.0016317167055471353,0.6148620562372681,0.0016317166818454736,0.0003011656376634805,0.0021994514927083392,0.0002817888356129605,0.0021267393726364034
694,0.001396300188150433,0.0,0.0014322686008561613,0.6191756177329976,0.001432268602702875,0.0015931684529534166,0.0,0.0016319380221893854,0.6150371210452303,0.0016319380292037196,0.0003006489097600734,0.002198068733237488,0.00028150760965334865,0.002123737917737231
695,0.0013950232716282577,0.0,0.001430927867126041,0.6192564671039066,0.0014309278631604828,0.0015940288092597796,0.0,0.0016328170519404519,0.6150041680757691,0.001632817054740529,0.0003006683958351994,0.0021991259258908407,0.0002819361359473531,0.002122030604635793
696,0.0013966699664663968,0.0,0.0014325655779025676,0.6192142543709223,0.001432565578110205,0.0015940412449956156,0.0,0.00163281556538241,0.6150360737064721,0.0016328155624409152,0.00030036712958478795,0.0021983999026979097,0.00028201948172643505,0.002124055273933174
697,0.0013949836303565968,0.0,0.0014309203315274013,0.6190185277297837,0.0014309203340898344,0.0015946000744888479,0.0,0.0016333798365282806,0.615099417340767,0.0016333798286088709,0.00030009566458198716,0.0021991212919048523,0.00028165048239725467,0.0021230370955367165
